{"Mean":{"confidence_interval":{"confidence_level":0.95,"lower_bound":17820.983221961207,"upper_bound":18424.127580599303},"point_estimate":18110.52508952459,"standard_error":153.27703089240896},"Median":{"confidence_interval":{"confidence_level":0.95,"lower_bound":17633.04320549802,"upper_bound":18209.898335582548},"point_estimate":17885.51807179987,"standard_error":145.72792631515367},"MedianAbsDev":{"confidence_interval":{"confidence_level":0.95,"lower_bound":793.6520069990447,"upper_bound":1333.6473518341763},"point_estimate":1052.7477320117473,"standard_error":131.2326130267819},"Slope":{"confidence_interval":{"confidence_level":0.95,"lower_bound":17702.56029253842,"upper_bound":18136.793700775714},"point_estimate":17907.09509337108,"standard_error":111.19930353637167},"StdDev":{"confidence_interval":{"confidence_level":0.95,"lower_bound":1130.9443661370765,"upper_bound":1982.446077699672},"point_estimate":1542.605873042327,"standard_error":223.1292926859957}}