{"Mean":{"confidence_interval":{"confidence_level":0.95,"lower_bound":17134.85146637355,"upper_bound":17984.293065513513},"point_estimate":17534.84595154788,"standard_error":218.16131357469246},"Median":{"confidence_interval":{"confidence_level":0.95,"lower_bound":16863.83816964286,"upper_bound":17419.056096681095},"point_estimate":17072.31277367269,"standard_error":133.0865656367598},"MedianAbsDev":{"confidence_interval":{"confidence_level":0.95,"lower_bound":894.0677826660868,"upper_bound":1544.285274880875},"point_estimate":1210.150571762662,"standard_error":171.99484757405386},"Slope":{"confidence_interval":{"confidence_level":0.95,"lower_bound":17502.315906675994,"upper_bound":18787.622779092915},"point_estimate":18092.21892783255,"standard_error":329.6131496446812},"StdDev":{"confidence_interval":{"confidence_level":0.95,"lower_bound":1478.818760477262,"upper_bound":2871.7493738271323},"point_estimate":2201.5944729105117,"standard_error":358.8029337332679}}