{"Mean":{"confidence_interval":{"confidence_level":0.95,"lower_bound":0.22108975209870266,"upper_bound":0.31182504321219146},"point_estimate":0.2629962431051336,"standard_error":0.02303280467486266},"Median":{"confidence_interval":{"confidence_level":0.95,"lower_bound":0.20980990608045924,"upper_bound":0.25926011696405604},"point_estimate":0.23265283370305134,"standard_error":0.012125403319452211}}