{"Mean":{"confidence_interval":{"confidence_level":0.95,"lower_bound":9530.418945717052,"upper_bound":10090.002175825508},"point_estimate":9778.273850531767,"standard_error":143.65454621370384},"Median":{"confidence_interval":{"confidence_level":0.95,"lower_bound":9207.75502232143,"upper_bound":9406.42822265625},"point_estimate":9273.956516005757,"standard_error":45.78676539642381},"MedianAbsDev":{"confidence_interval":{"confidence_level":0.95,"lower_bound":137.93383037400488,"upper_bound":395.6424837295522},"point_estimate":228.38908580696264,"standard_error":60.86560929040108},"Slope":{"confidence_interval":{"confidence_level":0.95,"lower_bound":9730.041516924004,"upper_bound":10967.498914047146},"point_estimate":10253.519092863344,"standard_error":321.88235917714235},"StdDev":{"confidence_interval":{"confidence_level":0.95,"lower_bound":685.840554509198,"upper_bound":2163.5600096363737},"point_estimate":1446.1247858062907,"standard_error":405.84661375319473}}