{"Mean":{"confidence_interval":{"confidence_level":0.95,"lower_bound":8172.151560173137,"upper_bound":8455.172817895356},"point_estimate":8312.11302073497,"standard_error":71.8591059339333},"Median":{"confidence_interval":{"confidence_level":0.95,"lower_bound":8051.430222320053,"upper_bound":8337.45071158166},"point_estimate":8162.211856040041,"standard_error":64.70851402974442},"MedianAbsDev":{"confidence_interval":{"confidence_level":0.95,"lower_bound":435.0211332775602,"upper_bound":838.2718892791621},"point_estimate":624.7141821912386,"standard_error":108.20626622628},"Slope":{"confidence_interval":{"confidence_level":0.95,"lower_bound":8124.638375188776,"upper_bound":8315.846536080979},"point_estimate":8218.424694066169,"standard_error":48.79635493367457},"StdDev":{"confidence_interval":{"confidence_level":0.95,"lower_bound":611.565125004073,"upper_bound":824.1442703903782},"point_estimate":722.701091900373,"standard_error":54.22319130554814}}