{"Mean":{"confidence_interval":{"confidence_level":0.95,"lower_bound":30205.79371175916,"upper_bound":39921.71334888467},"point_estimate":34754.24590866738,"standard_error":2484.111824910382},"Median":{"confidence_interval":{"confidence_level":0.95,"lower_bound":24937.987472766887,"upper_bound":30154.096049958447},"point_estimate":27592.802207463632,"standard_error":1343.3809268964055},"MedianAbsDev":{"confidence_interval":{"confidence_level":0.95,"lower_bound":7143.492063787399,"upper_bound":12549.179299959678},"point_estimate":9863.521870741113,"standard_error":1383.5868492340264},"Slope":{"confidence_interval":{"confidence_level":0.95,"lower_bound":28763.921319982404,"upper_bound":39199.38887652054},"point_estimate":33354.834790897,"standard_error":2702.679111440947},"StdDev":{"confidence_interval":{"confidence_level":0.95,"lower_bound":16966.079756311818,"upper_bound":31536.128592247755},"point_estimate":24968.120507017964,"standard_error":3715.303972099539}}