{"Mean":{"confidence_interval":{"confidence_level":0.95,"lower_bound":7583.896538985453,"upper_bound":7908.876856970105},"point_estimate":7742.124257227746,"standard_error":83.02850339730344},"Median":{"confidence_interval":{"confidence_level":0.95,"lower_bound":7419.433641975309,"upper_bound":7661.939444444444},"point_estimate":7523.575383464273,"standard_error":64.03200194576306},"MedianAbsDev":{"confidence_interval":{"confidence_level":0.95,"lower_bound":459.9233730848062,"upper_bound":919.6255906794643},"point_estimate":667.8938911835525,"standard_error":121.53663101448869},"Slope":{"confidence_interval":{"confidence_level":0.95,"lower_bound":7505.267623343404,"upper_bound":7986.995646907362},"point_estimate":7731.691691378093,"standard_error":123.40570891515067},"StdDev":{"confidence_interval":{"confidence_level":0.95,"lower_bound":676.5326692516418,"upper_bound":993.1686932909959},"point_estimate":835.1611447057206,"standard_error":81.64535747402232}}