{"Mean":{"confidence_interval":{"confidence_level":0.95,"lower_bound":38895.406195937416,"upper_bound":59831.66735801947},"point_estimate":47451.25246790162,"standard_error":5474.313370961683},"Median":{"confidence_interval":{"confidence_level":0.95,"lower_bound":35143.51188197767,"upper_bound":41960.260804769},"point_estimate":37883.86176569131,"standard_error":1623.7038059233491},"MedianAbsDev":{"confidence_interval":{"confidence_level":0.95,"lower_bound":14924.99937250355,"upper_bound":24964.981089614605},"point_estimate":20561.878243919145,"standard_error":2288.8921225072136},"Slope":{"confidence_interval":{"confidence_level":0.95,"lower_bound":42549.775935736514,"upper_bound":60260.046487599015},"point_estimate":50226.36239773231,"standard_error":4572.675390788111},"StdDev":{"confidence_interval":{"confidence_level":0.95,"lower_bound":18304.70871428849,"upper_bound":88438.5141836347},"point_estimate":54980.150213193505,"standard_error":21655.128226490157}}