{"Mean":{"confidence_interval":{"confidence_level":0.95,"lower_bound":-0.4396331327884007,"upper_bound":-0.05250824984068705},"point_estimate":-0.2675800089328122,"standard_error":0.09951802058409961},"Median":{"confidence_interval":{"confidence_level":0.95,"lower_bound":-0.37242166988545833,"upper_bound":-0.18446685524041181},"point_estimate":-0.27164758497634345,"standard_error":0.04744769389951384}}