{"Mean":{"confidence_interval":{"confidence_level":0.95,"lower_bound":-0.8354873387590991,"upper_bound":-0.8193776533055109},"point_estimate":-0.8276566742312248,"standard_error":0.004119445047543792},"Median":{"confidence_interval":{"confidence_level":0.95,"lower_bound":-0.8424661780348113,"upper_bound":-0.8249746906492595},"point_estimate":-0.832977330837681,"standard_error":0.004323357114037294}}